{"cameraMode":{"drawMode":0,"name":"Shaded","section":"Shading Mode"},"sceneLighting":true,"audioPlay":false,"sceneViewState":{"m_AlwaysRefresh":false,"showFog":true,"showSkybox":true,"showFlares":true,"showImageEffects":true,"showParticleSystems":true,"showVisualEffectGraphs":true,"m_FxEnabled":true},"in2DMode":false,"pivot":{"x":-0.37852001190185549,"y":-0.06143832206726074,"z":0.45844602584838869},"rotation":{"x":-0.09809191524982453,"y":0.8815975785255432,"z":-0.21043185889720918,"w":-0.41095274686813357},"size":3.8948566913604738,"orthographic":false}